{"theta": [0.9207423906958766], "h": [0.007956460204474394, 0.14632000854053198], "probability": -122889.67879955456, "diff": 0.0013621547404909506, "EventFreq": [0.004155035376398625], "id": 3, "ite": 199, "categories": {"noRec": {}, "R/theta": [0], "nu": [0], "delta": [0], "low_cov": {}}, "delta": [0.05], "delta2": [0.0035603465926586373], "v": [0.04800078348553602], "v2": [0.034849842322955196], "R": [[0.029793296294328586, 0.0016384706553904144, 0.047825842354404506]], "posterior": {"theta": [[4480526.340298453, 17141.226711528572]], "h": [[17659.460963817954, 140.5067983910866, 1151.5390361820491, 168.49320160891338]], "R": [[4480598.340298485, 554.6631262313742, 30.503481285829178, 890.375840688449]], "delta": [[[10995.692392955252, 554.6631262301811], [8567.559499717347, 30.503481272218796], [17570.407808841523, 890.3758406841742]]], "delta2": [[[0.0, 0.0], [0.0, 0.0], [0.0, 0.0]]], "v": [[28566.10020179814, 1371.1951908126393]], "v2": [[8567.559499749133, 298.5780976587942]], "probability": [-122889.67879955456]}, "model": {"n_a": 4, "n_b": 3, "n_base": 4517976}}