{"theta": [0.9208797700023923], "h": [0.00796506257262032, 0.1465134320078697], "probability": -122889.68447819816, "diff": 0.001519392229965888, "EventFreq": [0.004154672731666394], "id": 3, "ite": 195, "categories": {"noRec": {}, "R/theta": [0], "nu": [0], "delta": [0], "low_cov": {}}, "delta": [0.05], "delta2": [0.003562799593709149], "v": [0.04804218268418285], "v2": [0.034839628061729376], "R": [[0.029859633457232207, 0.0016412414815556344, 0.047619355058819916]], "posterior": {"theta": [[4480572.744297327, 17142.46552505846]], "h": [[17662.1650581292, 140.6802498559473, 1148.8349418708017, 168.31975014405265]], "R": [[4480644.744297358, 555.8553670088346, 30.55271550425771, 886.4634631518983]], "delta": [[[11018.436446175898, 555.855367007633], [8575.479671814579, 30.552715490602047], [17493.339584649595, 886.463463147609]]], "delta2": [[[0.0, 0.0], [0.0, 0.0], [0.0, 0.0]]], "v": [[28511.776030826855, 1369.7679527234895]], "v2": [[8575.479671846542, 298.7665222180546]], "probability": [-122889.68447819816]}, "model": {"n_a": 4, "n_b": 3, "n_base": 4517976}}